scenario,n,core_alpha_r,core_beta_r,phi_alpha_r,phi_beta_r,phi_pearson,phi_spearman,phi_sign_acc,detect_dll_gt2,detect_smallphi,detect_bigphi,mean_acc,final40
signal_clean,110,0.86029357716091,0.8923424301685802,0.9305939483554836,0.9473804539810631,0.9390524229053884,0.9540160699035312,0.8818181818181818,0.7,0.2894736842105263,1.0,0.6315000000000001,0.7131818181818184
noisy_wanting,110,0.8537193664035667,0.9364216003615525,0.8450281254850606,0.9361752501575334,0.5912228870649366,0.7429079459715335,0.7,0.4090909090909091,0.21739130434782608,0.6785714285714286,0.6179545454545454,0.6859090909090908
outcome_driven,110,0.6891753996660841,0.8208097299206659,0.6885763792449621,0.8206483428995427,0.4316989240409509,0.435669406473333,0.4090909090909091,0.18181818181818182,0.05,0.37142857142857144,0.6379090909090908,0.7206818181818182
noise_null,110,0.8930306793847008,0.9607432744407985,0.8875311523616927,0.9548421047809972,,,,0.045454545454545456,,,0.6026363636363639,0.6756818181818182
